id,content,topic
1,"registro 1 introduccion sidecar memtable sparse index arquitectura hexagonal busqueda and token 1","bulk"
2,"registro 2 introduccion sidecar memtable sparse index arquitectura hexagonal busqueda and token 2","bulk"
3,"registro 3 introduccion sidecar memtable sparse index arquitectura hexagonal busqueda and token 3","bulk"
4,"registro 4 introduccion sidecar memtable sparse index arquitectura hexagonal busqueda and token 4","bulk"
5,"registro 5 introduccion sidecar memtable sparse index arquitectura hexagonal busqueda and token 5","bulk"
6,"registro 6 introduccion sidecar memtable sparse index arquitectura hexagonal busqueda and token 6","bulk"
7,"registro 7 introduccion sidecar memtable sparse index arquitectura hexagonal busqueda and token 7","bulk"
8,"registro 8 introduccion sidecar memtable sparse index arquitectura hexagonal busqueda and token 8","bulk"
9,"registro 9 introduccion sidecar memtable sparse index arquitectura hexagonal busqueda and token 9","bulk"
10,"registro 10 introduccion sidecar memtable sparse index arquitectura hexagonal busqueda and token 10","bulk"
11,"registro 11 introduccion sidecar memtable sparse index arquitectura hexagonal busqueda and token 11","bulk"
12,"registro 12 introduccion sidecar memtable sparse index arquitectura hexagonal busqueda and token 12","bulk"
13,"registro 13 introduccion sidecar memtable sparse index arquitectura hexagonal busqueda and token 13","bulk"
14,"registro 14 introduccion sidecar memtable sparse index arquitectura hexagonal busqueda and token 14","bulk"
15,"registro 15 introduccion sidecar memtable sparse index arquitectura hexagonal busqueda and token 15","bulk"
16,"registro 16 introduccion sidecar memtable sparse index arquitectura hexagonal busqueda and token 16","bulk"
17,"registro 17 introduccion sidecar memtable sparse index arquitectura hexagonal busqueda and token 17","bulk"
18,"registro 18 introduccion sidecar memtable sparse index arquitectura hexagonal busqueda and token 18","bulk"
19,"registro 19 introduccion sidecar memtable sparse index arquitectura hexagonal busqueda and token 19","bulk"
20,"registro 20 introduccion sidecar memtable sparse index arquitectura hexagonal busqueda and token 20","bulk"
21,"registro 21 introduccion sidecar memtable sparse index arquitectura hexagonal busqueda and token 21","bulk"
22,"registro 22 introduccion sidecar memtable sparse index arquitectura hexagonal busqueda and token 22","bulk"
23,"registro 23 introduccion sidecar memtable sparse index arquitectura hexagonal busqueda and token 23","bulk"
24,"registro 24 introduccion sidecar memtable sparse index arquitectura hexagonal busqueda and token 24","bulk"
25,"registro 25 introduccion sidecar memtable sparse index arquitectura hexagonal busqueda and token 25","bulk"
26,"registro 26 introduccion sidecar memtable sparse index arquitectura hexagonal busqueda and token 26","bulk"
27,"registro 27 introduccion sidecar memtable sparse index arquitectura hexagonal busqueda and token 27","bulk"
28,"registro 28 introduccion sidecar memtable sparse index arquitectura hexagonal busqueda and token 28","bulk"
29,"registro 29 introduccion sidecar memtable sparse index arquitectura hexagonal busqueda and token 29","bulk"
30,"registro 30 introduccion sidecar memtable sparse index arquitectura hexagonal busqueda and token 30","bulk"
31,"registro 31 introduccion sidecar memtable sparse index arquitectura hexagonal busqueda and token 31","bulk"
32,"registro 32 introduccion sidecar memtable sparse index arquitectura hexagonal busqueda and token 32","bulk"
33,"registro 33 introduccion sidecar memtable sparse index arquitectura hexagonal busqueda and token 33","bulk"
34,"registro 34 introduccion sidecar memtable sparse index arquitectura hexagonal busqueda and token 34","bulk"
35,"registro 35 introduccion sidecar memtable sparse index arquitectura hexagonal busqueda and token 35","bulk"
36,"registro 36 introduccion sidecar memtable sparse index arquitectura hexagonal busqueda and token 36","bulk"
37,"registro 37 introduccion sidecar memtable sparse index arquitectura hexagonal busqueda and token 37","bulk"
38,"registro 38 introduccion sidecar memtable sparse index arquitectura hexagonal busqueda and token 38","bulk"
39,"registro 39 introduccion sidecar memtable sparse index arquitectura hexagonal busqueda and token 39","bulk"
40,"registro 40 introduccion sidecar memtable sparse index arquitectura hexagonal busqueda and token 40","bulk"
41,"registro 41 introduccion sidecar memtable sparse index arquitectura hexagonal busqueda and token 41","bulk"
42,"registro 42 introduccion sidecar memtable sparse index arquitectura hexagonal busqueda and token 42","bulk"
43,"registro 43 introduccion sidecar memtable sparse index arquitectura hexagonal busqueda and token 43","bulk"
44,"registro 44 introduccion sidecar memtable sparse index arquitectura hexagonal busqueda and token 44","bulk"
45,"registro 45 introduccion sidecar memtable sparse index arquitectura hexagonal busqueda and token 45","bulk"
46,"registro 46 introduccion sidecar memtable sparse index arquitectura hexagonal busqueda and token 46","bulk"
47,"registro 47 introduccion sidecar memtable sparse index arquitectura hexagonal busqueda and token 47","bulk"
48,"registro 48 introduccion sidecar memtable sparse index arquitectura hexagonal busqueda and token 48","bulk"
49,"registro 49 introduccion sidecar memtable sparse index arquitectura hexagonal busqueda and token 49","bulk"
50,"registro 50 introduccion sidecar memtable sparse index arquitectura hexagonal busqueda and token 50","bulk"
51,"registro 51 introduccion sidecar memtable sparse index arquitectura hexagonal busqueda and token 51","bulk"
52,"registro 52 introduccion sidecar memtable sparse index arquitectura hexagonal busqueda and token 52","bulk"
53,"registro 53 introduccion sidecar memtable sparse index arquitectura hexagonal busqueda and token 53","bulk"
54,"registro 54 introduccion sidecar memtable sparse index arquitectura hexagonal busqueda and token 54","bulk"
55,"registro 55 introduccion sidecar memtable sparse index arquitectura hexagonal busqueda and token 55","bulk"
56,"registro 56 introduccion sidecar memtable sparse index arquitectura hexagonal busqueda and token 56","bulk"
57,"registro 57 introduccion sidecar memtable sparse index arquitectura hexagonal busqueda and token 57","bulk"
58,"registro 58 introduccion sidecar memtable sparse index arquitectura hexagonal busqueda and token 58","bulk"
59,"registro 59 introduccion sidecar memtable sparse index arquitectura hexagonal busqueda and token 59","bulk"
60,"registro 60 introduccion sidecar memtable sparse index arquitectura hexagonal busqueda and token 60","bulk"
61,"registro 61 introduccion sidecar memtable sparse index arquitectura hexagonal busqueda and token 61","bulk"
62,"registro 62 introduccion sidecar memtable sparse index arquitectura hexagonal busqueda and token 62","bulk"
63,"registro 63 introduccion sidecar memtable sparse index arquitectura hexagonal busqueda and token 63","bulk"
64,"registro 64 introduccion sidecar memtable sparse index arquitectura hexagonal busqueda and token 64","bulk"
65,"registro 65 introduccion sidecar memtable sparse index arquitectura hexagonal busqueda and token 65","bulk"
66,"registro 66 introduccion sidecar memtable sparse index arquitectura hexagonal busqueda and token 66","bulk"
67,"registro 67 introduccion sidecar memtable sparse index arquitectura hexagonal busqueda and token 67","bulk"
68,"registro 68 introduccion sidecar memtable sparse index arquitectura hexagonal busqueda and token 68","bulk"
69,"registro 69 introduccion sidecar memtable sparse index arquitectura hexagonal busqueda and token 69","bulk"
70,"registro 70 introduccion sidecar memtable sparse index arquitectura hexagonal busqueda and token 70","bulk"
71,"registro 71 introduccion sidecar memtable sparse index arquitectura hexagonal busqueda and token 71","bulk"
72,"registro 72 introduccion sidecar memtable sparse index arquitectura hexagonal busqueda and token 72","bulk"
73,"registro 73 introduccion sidecar memtable sparse index arquitectura hexagonal busqueda and token 73","bulk"
74,"registro 74 introduccion sidecar memtable sparse index arquitectura hexagonal busqueda and token 74","bulk"
75,"registro 75 introduccion sidecar memtable sparse index arquitectura hexagonal busqueda and token 75","bulk"
76,"registro 76 introduccion sidecar memtable sparse index arquitectura hexagonal busqueda and token 76","bulk"
77,"registro 77 introduccion sidecar memtable sparse index arquitectura hexagonal busqueda and token 77","bulk"
78,"registro 78 introduccion sidecar memtable sparse index arquitectura hexagonal busqueda and token 78","bulk"
79,"registro 79 introduccion sidecar memtable sparse index arquitectura hexagonal busqueda and token 79","bulk"
80,"registro 80 introduccion sidecar memtable sparse index arquitectura hexagonal busqueda and token 80","bulk"
81,"registro 81 introduccion sidecar memtable sparse index arquitectura hexagonal busqueda and token 81","bulk"
82,"registro 82 introduccion sidecar memtable sparse index arquitectura hexagonal busqueda and token 82","bulk"
83,"registro 83 introduccion sidecar memtable sparse index arquitectura hexagonal busqueda and token 83","bulk"
84,"registro 84 introduccion sidecar memtable sparse index arquitectura hexagonal busqueda and token 84","bulk"
85,"registro 85 introduccion sidecar memtable sparse index arquitectura hexagonal busqueda and token 85","bulk"
86,"registro 86 introduccion sidecar memtable sparse index arquitectura hexagonal busqueda and token 86","bulk"
87,"registro 87 introduccion sidecar memtable sparse index arquitectura hexagonal busqueda and token 87","bulk"
88,"registro 88 introduccion sidecar memtable sparse index arquitectura hexagonal busqueda and token 88","bulk"
89,"registro 89 introduccion sidecar memtable sparse index arquitectura hexagonal busqueda and token 89","bulk"
90,"registro 90 introduccion sidecar memtable sparse index arquitectura hexagonal busqueda and token 90","bulk"
91,"registro 91 introduccion sidecar memtable sparse index arquitectura hexagonal busqueda and token 91","bulk"
92,"registro 92 introduccion sidecar memtable sparse index arquitectura hexagonal busqueda and token 92","bulk"
93,"registro 93 introduccion sidecar memtable sparse index arquitectura hexagonal busqueda and token 93","bulk"
94,"registro 94 introduccion sidecar memtable sparse index arquitectura hexagonal busqueda and token 94","bulk"
95,"registro 95 introduccion sidecar memtable sparse index arquitectura hexagonal busqueda and token 95","bulk"
96,"registro 96 introduccion sidecar memtable sparse index arquitectura hexagonal busqueda and token 96","bulk"
97,"registro 97 introduccion sidecar memtable sparse index arquitectura hexagonal busqueda and token 97","bulk"
98,"registro 98 introduccion sidecar memtable sparse index arquitectura hexagonal busqueda and token 98","bulk"
99,"registro 99 introduccion sidecar memtable sparse index arquitectura hexagonal busqueda and token 99","bulk"
100,"registro 100 introduccion sidecar memtable sparse index arquitectura hexagonal busqueda and token 100","bulk"
101,"registro 101 introduccion sidecar memtable sparse index arquitectura hexagonal busqueda and token 101","bulk"
102,"registro 102 introduccion sidecar memtable sparse index arquitectura hexagonal busqueda and token 102","bulk"
103,"registro 103 introduccion sidecar memtable sparse index arquitectura hexagonal busqueda and token 103","bulk"
104,"registro 104 introduccion sidecar memtable sparse index arquitectura hexagonal busqueda and token 104","bulk"
105,"registro 105 introduccion sidecar memtable sparse index arquitectura hexagonal busqueda and token 105","bulk"
106,"registro 106 introduccion sidecar memtable sparse index arquitectura hexagonal busqueda and token 106","bulk"
107,"registro 107 introduccion sidecar memtable sparse index arquitectura hexagonal busqueda and token 107","bulk"
108,"registro 108 introduccion sidecar memtable sparse index arquitectura hexagonal busqueda and token 108","bulk"
109,"registro 109 introduccion sidecar memtable sparse index arquitectura hexagonal busqueda and token 109","bulk"
110,"registro 110 introduccion sidecar memtable sparse index arquitectura hexagonal busqueda and token 110","bulk"
111,"registro 111 introduccion sidecar memtable sparse index arquitectura hexagonal busqueda and token 111","bulk"
112,"registro 112 introduccion sidecar memtable sparse index arquitectura hexagonal busqueda and token 112","bulk"
113,"registro 113 introduccion sidecar memtable sparse index arquitectura hexagonal busqueda and token 113","bulk"
114,"registro 114 introduccion sidecar memtable sparse index arquitectura hexagonal busqueda and token 114","bulk"
115,"registro 115 introduccion sidecar memtable sparse index arquitectura hexagonal busqueda and token 115","bulk"
116,"registro 116 introduccion sidecar memtable sparse index arquitectura hexagonal busqueda and token 116","bulk"
117,"registro 117 introduccion sidecar memtable sparse index arquitectura hexagonal busqueda and token 117","bulk"
118,"registro 118 introduccion sidecar memtable sparse index arquitectura hexagonal busqueda and token 118","bulk"
119,"registro 119 introduccion sidecar memtable sparse index arquitectura hexagonal busqueda and token 119","bulk"
120,"registro 120 introduccion sidecar memtable sparse index arquitectura hexagonal busqueda and token 120","bulk"
121,"registro 121 introduccion sidecar memtable sparse index arquitectura hexagonal busqueda and token 121","bulk"
122,"registro 122 introduccion sidecar memtable sparse index arquitectura hexagonal busqueda and token 122","bulk"
123,"registro 123 introduccion sidecar memtable sparse index arquitectura hexagonal busqueda and token 123","bulk"
124,"registro 124 introduccion sidecar memtable sparse index arquitectura hexagonal busqueda and token 124","bulk"
125,"registro 125 introduccion sidecar memtable sparse index arquitectura hexagonal busqueda and token 125","bulk"
126,"registro 126 introduccion sidecar memtable sparse index arquitectura hexagonal busqueda and token 126","bulk"
127,"registro 127 introduccion sidecar memtable sparse index arquitectura hexagonal busqueda and token 127","bulk"
128,"registro 128 introduccion sidecar memtable sparse index arquitectura hexagonal busqueda and token 128","bulk"
129,"registro 129 introduccion sidecar memtable sparse index arquitectura hexagonal busqueda and token 129","bulk"
130,"registro 130 introduccion sidecar memtable sparse index arquitectura hexagonal busqueda and token 130","bulk"
131,"registro 131 introduccion sidecar memtable sparse index arquitectura hexagonal busqueda and token 131","bulk"
132,"registro 132 introduccion sidecar memtable sparse index arquitectura hexagonal busqueda and token 132","bulk"
133,"registro 133 introduccion sidecar memtable sparse index arquitectura hexagonal busqueda and token 133","bulk"
134,"registro 134 introduccion sidecar memtable sparse index arquitectura hexagonal busqueda and token 134","bulk"
135,"registro 135 introduccion sidecar memtable sparse index arquitectura hexagonal busqueda and token 135","bulk"
136,"registro 136 introduccion sidecar memtable sparse index arquitectura hexagonal busqueda and token 136","bulk"
137,"registro 137 introduccion sidecar memtable sparse index arquitectura hexagonal busqueda and token 137","bulk"
138,"registro 138 introduccion sidecar memtable sparse index arquitectura hexagonal busqueda and token 138","bulk"
139,"registro 139 introduccion sidecar memtable sparse index arquitectura hexagonal busqueda and token 139","bulk"
140,"registro 140 introduccion sidecar memtable sparse index arquitectura hexagonal busqueda and token 140","bulk"
141,"registro 141 introduccion sidecar memtable sparse index arquitectura hexagonal busqueda and token 141","bulk"
142,"registro 142 introduccion sidecar memtable sparse index arquitectura hexagonal busqueda and token 142","bulk"
143,"registro 143 introduccion sidecar memtable sparse index arquitectura hexagonal busqueda and token 143","bulk"
144,"registro 144 introduccion sidecar memtable sparse index arquitectura hexagonal busqueda and token 144","bulk"
145,"registro 145 introduccion sidecar memtable sparse index arquitectura hexagonal busqueda and token 145","bulk"
146,"registro 146 introduccion sidecar memtable sparse index arquitectura hexagonal busqueda and token 146","bulk"
147,"registro 147 introduccion sidecar memtable sparse index arquitectura hexagonal busqueda and token 147","bulk"
148,"registro 148 introduccion sidecar memtable sparse index arquitectura hexagonal busqueda and token 148","bulk"
149,"registro 149 introduccion sidecar memtable sparse index arquitectura hexagonal busqueda and token 149","bulk"
150,"registro 150 introduccion sidecar memtable sparse index arquitectura hexagonal busqueda and token 150","bulk"
151,"registro 151 introduccion sidecar memtable sparse index arquitectura hexagonal busqueda and token 151","bulk"
152,"registro 152 introduccion sidecar memtable sparse index arquitectura hexagonal busqueda and token 152","bulk"
153,"registro 153 introduccion sidecar memtable sparse index arquitectura hexagonal busqueda and token 153","bulk"
154,"registro 154 introduccion sidecar memtable sparse index arquitectura hexagonal busqueda and token 154","bulk"
155,"registro 155 introduccion sidecar memtable sparse index arquitectura hexagonal busqueda and token 155","bulk"
156,"registro 156 introduccion sidecar memtable sparse index arquitectura hexagonal busqueda and token 156","bulk"
157,"registro 157 introduccion sidecar memtable sparse index arquitectura hexagonal busqueda and token 157","bulk"
158,"registro 158 introduccion sidecar memtable sparse index arquitectura hexagonal busqueda and token 158","bulk"
159,"registro 159 introduccion sidecar memtable sparse index arquitectura hexagonal busqueda and token 159","bulk"
160,"registro 160 introduccion sidecar memtable sparse index arquitectura hexagonal busqueda and token 160","bulk"
161,"registro 161 introduccion sidecar memtable sparse index arquitectura hexagonal busqueda and token 161","bulk"
162,"registro 162 introduccion sidecar memtable sparse index arquitectura hexagonal busqueda and token 162","bulk"
163,"registro 163 introduccion sidecar memtable sparse index arquitectura hexagonal busqueda and token 163","bulk"
164,"registro 164 introduccion sidecar memtable sparse index arquitectura hexagonal busqueda and token 164","bulk"
165,"registro 165 introduccion sidecar memtable sparse index arquitectura hexagonal busqueda and token 165","bulk"
166,"registro 166 introduccion sidecar memtable sparse index arquitectura hexagonal busqueda and token 166","bulk"
167,"registro 167 introduccion sidecar memtable sparse index arquitectura hexagonal busqueda and token 167","bulk"
168,"registro 168 introduccion sidecar memtable sparse index arquitectura hexagonal busqueda and token 168","bulk"
169,"registro 169 introduccion sidecar memtable sparse index arquitectura hexagonal busqueda and token 169","bulk"
170,"registro 170 introduccion sidecar memtable sparse index arquitectura hexagonal busqueda and token 170","bulk"
171,"registro 171 introduccion sidecar memtable sparse index arquitectura hexagonal busqueda and token 171","bulk"
172,"registro 172 introduccion sidecar memtable sparse index arquitectura hexagonal busqueda and token 172","bulk"
173,"registro 173 introduccion sidecar memtable sparse index arquitectura hexagonal busqueda and token 173","bulk"
174,"registro 174 introduccion sidecar memtable sparse index arquitectura hexagonal busqueda and token 174","bulk"
175,"registro 175 introduccion sidecar memtable sparse index arquitectura hexagonal busqueda and token 175","bulk"
176,"registro 176 introduccion sidecar memtable sparse index arquitectura hexagonal busqueda and token 176","bulk"
177,"registro 177 introduccion sidecar memtable sparse index arquitectura hexagonal busqueda and token 177","bulk"
178,"registro 178 introduccion sidecar memtable sparse index arquitectura hexagonal busqueda and token 178","bulk"
179,"registro 179 introduccion sidecar memtable sparse index arquitectura hexagonal busqueda and token 179","bulk"
180,"registro 180 introduccion sidecar memtable sparse index arquitectura hexagonal busqueda and token 180","bulk"
181,"registro 181 introduccion sidecar memtable sparse index arquitectura hexagonal busqueda and token 181","bulk"
182,"registro 182 introduccion sidecar memtable sparse index arquitectura hexagonal busqueda and token 182","bulk"
183,"registro 183 introduccion sidecar memtable sparse index arquitectura hexagonal busqueda and token 183","bulk"
184,"registro 184 introduccion sidecar memtable sparse index arquitectura hexagonal busqueda and token 184","bulk"
185,"registro 185 introduccion sidecar memtable sparse index arquitectura hexagonal busqueda and token 185","bulk"
186,"registro 186 introduccion sidecar memtable sparse index arquitectura hexagonal busqueda and token 186","bulk"
187,"registro 187 introduccion sidecar memtable sparse index arquitectura hexagonal busqueda and token 187","bulk"
188,"registro 188 introduccion sidecar memtable sparse index arquitectura hexagonal busqueda and token 188","bulk"
189,"registro 189 introduccion sidecar memtable sparse index arquitectura hexagonal busqueda and token 189","bulk"
190,"registro 190 introduccion sidecar memtable sparse index arquitectura hexagonal busqueda and token 190","bulk"
191,"registro 191 introduccion sidecar memtable sparse index arquitectura hexagonal busqueda and token 191","bulk"
192,"registro 192 introduccion sidecar memtable sparse index arquitectura hexagonal busqueda and token 192","bulk"
193,"registro 193 introduccion sidecar memtable sparse index arquitectura hexagonal busqueda and token 193","bulk"
194,"registro 194 introduccion sidecar memtable sparse index arquitectura hexagonal busqueda and token 194","bulk"
195,"registro 195 introduccion sidecar memtable sparse index arquitectura hexagonal busqueda and token 195","bulk"
196,"registro 196 introduccion sidecar memtable sparse index arquitectura hexagonal busqueda and token 196","bulk"
197,"registro 197 introduccion sidecar memtable sparse index arquitectura hexagonal busqueda and token 197","bulk"
198,"registro 198 introduccion sidecar memtable sparse index arquitectura hexagonal busqueda and token 198","bulk"
199,"registro 199 introduccion sidecar memtable sparse index arquitectura hexagonal busqueda and token 199","bulk"
200,"registro 200 introduccion sidecar memtable sparse index arquitectura hexagonal busqueda and token 200","bulk"
201,"registro 201 introduccion sidecar memtable sparse index arquitectura hexagonal busqueda and token 201","bulk"
202,"registro 202 introduccion sidecar memtable sparse index arquitectura hexagonal busqueda and token 202","bulk"
203,"registro 203 introduccion sidecar memtable sparse index arquitectura hexagonal busqueda and token 203","bulk"
204,"registro 204 introduccion sidecar memtable sparse index arquitectura hexagonal busqueda and token 204","bulk"
205,"registro 205 introduccion sidecar memtable sparse index arquitectura hexagonal busqueda and token 205","bulk"
206,"registro 206 introduccion sidecar memtable sparse index arquitectura hexagonal busqueda and token 206","bulk"
207,"registro 207 introduccion sidecar memtable sparse index arquitectura hexagonal busqueda and token 207","bulk"
208,"registro 208 introduccion sidecar memtable sparse index arquitectura hexagonal busqueda and token 208","bulk"
209,"registro 209 introduccion sidecar memtable sparse index arquitectura hexagonal busqueda and token 209","bulk"
210,"registro 210 introduccion sidecar memtable sparse index arquitectura hexagonal busqueda and token 210","bulk"
211,"registro 211 introduccion sidecar memtable sparse index arquitectura hexagonal busqueda and token 211","bulk"
212,"registro 212 introduccion sidecar memtable sparse index arquitectura hexagonal busqueda and token 212","bulk"
213,"registro 213 introduccion sidecar memtable sparse index arquitectura hexagonal busqueda and token 213","bulk"
214,"registro 214 introduccion sidecar memtable sparse index arquitectura hexagonal busqueda and token 214","bulk"
215,"registro 215 introduccion sidecar memtable sparse index arquitectura hexagonal busqueda and token 215","bulk"
216,"registro 216 introduccion sidecar memtable sparse index arquitectura hexagonal busqueda and token 216","bulk"
217,"registro 217 introduccion sidecar memtable sparse index arquitectura hexagonal busqueda and token 217","bulk"
218,"registro 218 introduccion sidecar memtable sparse index arquitectura hexagonal busqueda and token 218","bulk"
219,"registro 219 introduccion sidecar memtable sparse index arquitectura hexagonal busqueda and token 219","bulk"
220,"registro 220 introduccion sidecar memtable sparse index arquitectura hexagonal busqueda and token 220","bulk"
221,"registro 221 introduccion sidecar memtable sparse index arquitectura hexagonal busqueda and token 221","bulk"
222,"registro 222 introduccion sidecar memtable sparse index arquitectura hexagonal busqueda and token 222","bulk"
223,"registro 223 introduccion sidecar memtable sparse index arquitectura hexagonal busqueda and token 223","bulk"
224,"registro 224 introduccion sidecar memtable sparse index arquitectura hexagonal busqueda and token 224","bulk"
225,"registro 225 introduccion sidecar memtable sparse index arquitectura hexagonal busqueda and token 225","bulk"
226,"registro 226 introduccion sidecar memtable sparse index arquitectura hexagonal busqueda and token 226","bulk"
227,"registro 227 introduccion sidecar memtable sparse index arquitectura hexagonal busqueda and token 227","bulk"
228,"registro 228 introduccion sidecar memtable sparse index arquitectura hexagonal busqueda and token 228","bulk"
229,"registro 229 introduccion sidecar memtable sparse index arquitectura hexagonal busqueda and token 229","bulk"
230,"registro 230 introduccion sidecar memtable sparse index arquitectura hexagonal busqueda and token 230","bulk"
231,"registro 231 introduccion sidecar memtable sparse index arquitectura hexagonal busqueda and token 231","bulk"
232,"registro 232 introduccion sidecar memtable sparse index arquitectura hexagonal busqueda and token 232","bulk"
233,"registro 233 introduccion sidecar memtable sparse index arquitectura hexagonal busqueda and token 233","bulk"
234,"registro 234 introduccion sidecar memtable sparse index arquitectura hexagonal busqueda and token 234","bulk"
235,"registro 235 introduccion sidecar memtable sparse index arquitectura hexagonal busqueda and token 235","bulk"
236,"registro 236 introduccion sidecar memtable sparse index arquitectura hexagonal busqueda and token 236","bulk"
237,"registro 237 introduccion sidecar memtable sparse index arquitectura hexagonal busqueda and token 237","bulk"
238,"registro 238 introduccion sidecar memtable sparse index arquitectura hexagonal busqueda and token 238","bulk"
239,"registro 239 introduccion sidecar memtable sparse index arquitectura hexagonal busqueda and token 239","bulk"
240,"registro 240 introduccion sidecar memtable sparse index arquitectura hexagonal busqueda and token 240","bulk"
241,"registro 241 introduccion sidecar memtable sparse index arquitectura hexagonal busqueda and token 241","bulk"
242,"registro 242 introduccion sidecar memtable sparse index arquitectura hexagonal busqueda and token 242","bulk"
243,"registro 243 introduccion sidecar memtable sparse index arquitectura hexagonal busqueda and token 243","bulk"
244,"registro 244 introduccion sidecar memtable sparse index arquitectura hexagonal busqueda and token 244","bulk"
245,"registro 245 introduccion sidecar memtable sparse index arquitectura hexagonal busqueda and token 245","bulk"
246,"registro 246 introduccion sidecar memtable sparse index arquitectura hexagonal busqueda and token 246","bulk"
247,"registro 247 introduccion sidecar memtable sparse index arquitectura hexagonal busqueda and token 247","bulk"
248,"registro 248 introduccion sidecar memtable sparse index arquitectura hexagonal busqueda and token 248","bulk"
249,"registro 249 introduccion sidecar memtable sparse index arquitectura hexagonal busqueda and token 249","bulk"
250,"registro 250 introduccion sidecar memtable sparse index arquitectura hexagonal busqueda and token 250","bulk"
251,"registro 251 introduccion sidecar memtable sparse index arquitectura hexagonal busqueda and token 251","bulk"
252,"registro 252 introduccion sidecar memtable sparse index arquitectura hexagonal busqueda and token 252","bulk"
253,"registro 253 introduccion sidecar memtable sparse index arquitectura hexagonal busqueda and token 253","bulk"
254,"registro 254 introduccion sidecar memtable sparse index arquitectura hexagonal busqueda and token 254","bulk"
255,"registro 255 introduccion sidecar memtable sparse index arquitectura hexagonal busqueda and token 255","bulk"
256,"registro 256 introduccion sidecar memtable sparse index arquitectura hexagonal busqueda and token 256","bulk"
257,"registro 257 introduccion sidecar memtable sparse index arquitectura hexagonal busqueda and token 257","bulk"
258,"registro 258 introduccion sidecar memtable sparse index arquitectura hexagonal busqueda and token 258","bulk"
259,"registro 259 introduccion sidecar memtable sparse index arquitectura hexagonal busqueda and token 259","bulk"
260,"registro 260 introduccion sidecar memtable sparse index arquitectura hexagonal busqueda and token 260","bulk"
261,"registro 261 introduccion sidecar memtable sparse index arquitectura hexagonal busqueda and token 261","bulk"
262,"registro 262 introduccion sidecar memtable sparse index arquitectura hexagonal busqueda and token 262","bulk"
263,"registro 263 introduccion sidecar memtable sparse index arquitectura hexagonal busqueda and token 263","bulk"
264,"registro 264 introduccion sidecar memtable sparse index arquitectura hexagonal busqueda and token 264","bulk"
265,"registro 265 introduccion sidecar memtable sparse index arquitectura hexagonal busqueda and token 265","bulk"
266,"registro 266 introduccion sidecar memtable sparse index arquitectura hexagonal busqueda and token 266","bulk"
267,"registro 267 introduccion sidecar memtable sparse index arquitectura hexagonal busqueda and token 267","bulk"
268,"registro 268 introduccion sidecar memtable sparse index arquitectura hexagonal busqueda and token 268","bulk"
269,"registro 269 introduccion sidecar memtable sparse index arquitectura hexagonal busqueda and token 269","bulk"
270,"registro 270 introduccion sidecar memtable sparse index arquitectura hexagonal busqueda and token 270","bulk"
271,"registro 271 introduccion sidecar memtable sparse index arquitectura hexagonal busqueda and token 271","bulk"
272,"registro 272 introduccion sidecar memtable sparse index arquitectura hexagonal busqueda and token 272","bulk"
273,"registro 273 introduccion sidecar memtable sparse index arquitectura hexagonal busqueda and token 273","bulk"
274,"registro 274 introduccion sidecar memtable sparse index arquitectura hexagonal busqueda and token 274","bulk"
275,"registro 275 introduccion sidecar memtable sparse index arquitectura hexagonal busqueda and token 275","bulk"
276,"registro 276 introduccion sidecar memtable sparse index arquitectura hexagonal busqueda and token 276","bulk"
277,"registro 277 introduccion sidecar memtable sparse index arquitectura hexagonal busqueda and token 277","bulk"
278,"registro 278 introduccion sidecar memtable sparse index arquitectura hexagonal busqueda and token 278","bulk"
279,"registro 279 introduccion sidecar memtable sparse index arquitectura hexagonal busqueda and token 279","bulk"
280,"registro 280 introduccion sidecar memtable sparse index arquitectura hexagonal busqueda and token 280","bulk"
281,"registro 281 introduccion sidecar memtable sparse index arquitectura hexagonal busqueda and token 281","bulk"
282,"registro 282 introduccion sidecar memtable sparse index arquitectura hexagonal busqueda and token 282","bulk"
283,"registro 283 introduccion sidecar memtable sparse index arquitectura hexagonal busqueda and token 283","bulk"
284,"registro 284 introduccion sidecar memtable sparse index arquitectura hexagonal busqueda and token 284","bulk"
285,"registro 285 introduccion sidecar memtable sparse index arquitectura hexagonal busqueda and token 285","bulk"
286,"registro 286 introduccion sidecar memtable sparse index arquitectura hexagonal busqueda and token 286","bulk"
287,"registro 287 introduccion sidecar memtable sparse index arquitectura hexagonal busqueda and token 287","bulk"
288,"registro 288 introduccion sidecar memtable sparse index arquitectura hexagonal busqueda and token 288","bulk"
289,"registro 289 introduccion sidecar memtable sparse index arquitectura hexagonal busqueda and token 289","bulk"
290,"registro 290 introduccion sidecar memtable sparse index arquitectura hexagonal busqueda and token 290","bulk"
291,"registro 291 introduccion sidecar memtable sparse index arquitectura hexagonal busqueda and token 291","bulk"
292,"registro 292 introduccion sidecar memtable sparse index arquitectura hexagonal busqueda and token 292","bulk"
293,"registro 293 introduccion sidecar memtable sparse index arquitectura hexagonal busqueda and token 293","bulk"
294,"registro 294 introduccion sidecar memtable sparse index arquitectura hexagonal busqueda and token 294","bulk"
295,"registro 295 introduccion sidecar memtable sparse index arquitectura hexagonal busqueda and token 295","bulk"
296,"registro 296 introduccion sidecar memtable sparse index arquitectura hexagonal busqueda and token 296","bulk"
297,"registro 297 introduccion sidecar memtable sparse index arquitectura hexagonal busqueda and token 297","bulk"
298,"registro 298 introduccion sidecar memtable sparse index arquitectura hexagonal busqueda and token 298","bulk"
299,"registro 299 introduccion sidecar memtable sparse index arquitectura hexagonal busqueda and token 299","bulk"
300,"registro 300 introduccion sidecar memtable sparse index arquitectura hexagonal busqueda and token 300","bulk"
301,"registro 301 introduccion sidecar memtable sparse index arquitectura hexagonal busqueda and token 301","bulk"
302,"registro 302 introduccion sidecar memtable sparse index arquitectura hexagonal busqueda and token 302","bulk"
303,"registro 303 introduccion sidecar memtable sparse index arquitectura hexagonal busqueda and token 303","bulk"
304,"registro 304 introduccion sidecar memtable sparse index arquitectura hexagonal busqueda and token 304","bulk"
305,"registro 305 introduccion sidecar memtable sparse index arquitectura hexagonal busqueda and token 305","bulk"
306,"registro 306 introduccion sidecar memtable sparse index arquitectura hexagonal busqueda and token 306","bulk"
307,"registro 307 introduccion sidecar memtable sparse index arquitectura hexagonal busqueda and token 307","bulk"
308,"registro 308 introduccion sidecar memtable sparse index arquitectura hexagonal busqueda and token 308","bulk"
309,"registro 309 introduccion sidecar memtable sparse index arquitectura hexagonal busqueda and token 309","bulk"
310,"registro 310 introduccion sidecar memtable sparse index arquitectura hexagonal busqueda and token 310","bulk"
311,"registro 311 introduccion sidecar memtable sparse index arquitectura hexagonal busqueda and token 311","bulk"
312,"registro 312 introduccion sidecar memtable sparse index arquitectura hexagonal busqueda and token 312","bulk"
313,"registro 313 introduccion sidecar memtable sparse index arquitectura hexagonal busqueda and token 313","bulk"
314,"registro 314 introduccion sidecar memtable sparse index arquitectura hexagonal busqueda and token 314","bulk"
315,"registro 315 introduccion sidecar memtable sparse index arquitectura hexagonal busqueda and token 315","bulk"
316,"registro 316 introduccion sidecar memtable sparse index arquitectura hexagonal busqueda and token 316","bulk"
317,"registro 317 introduccion sidecar memtable sparse index arquitectura hexagonal busqueda and token 317","bulk"
318,"registro 318 introduccion sidecar memtable sparse index arquitectura hexagonal busqueda and token 318","bulk"
319,"registro 319 introduccion sidecar memtable sparse index arquitectura hexagonal busqueda and token 319","bulk"
320,"registro 320 introduccion sidecar memtable sparse index arquitectura hexagonal busqueda and token 320","bulk"
321,"registro 321 introduccion sidecar memtable sparse index arquitectura hexagonal busqueda and token 321","bulk"
322,"registro 322 introduccion sidecar memtable sparse index arquitectura hexagonal busqueda and token 322","bulk"
323,"registro 323 introduccion sidecar memtable sparse index arquitectura hexagonal busqueda and token 323","bulk"
324,"registro 324 introduccion sidecar memtable sparse index arquitectura hexagonal busqueda and token 324","bulk"
325,"registro 325 introduccion sidecar memtable sparse index arquitectura hexagonal busqueda and token 325","bulk"
326,"registro 326 introduccion sidecar memtable sparse index arquitectura hexagonal busqueda and token 326","bulk"
327,"registro 327 introduccion sidecar memtable sparse index arquitectura hexagonal busqueda and token 327","bulk"
328,"registro 328 introduccion sidecar memtable sparse index arquitectura hexagonal busqueda and token 328","bulk"
329,"registro 329 introduccion sidecar memtable sparse index arquitectura hexagonal busqueda and token 329","bulk"
330,"registro 330 introduccion sidecar memtable sparse index arquitectura hexagonal busqueda and token 330","bulk"
331,"registro 331 introduccion sidecar memtable sparse index arquitectura hexagonal busqueda and token 331","bulk"
332,"registro 332 introduccion sidecar memtable sparse index arquitectura hexagonal busqueda and token 332","bulk"
333,"registro 333 introduccion sidecar memtable sparse index arquitectura hexagonal busqueda and token 333","bulk"
334,"registro 334 introduccion sidecar memtable sparse index arquitectura hexagonal busqueda and token 334","bulk"
335,"registro 335 introduccion sidecar memtable sparse index arquitectura hexagonal busqueda and token 335","bulk"
336,"registro 336 introduccion sidecar memtable sparse index arquitectura hexagonal busqueda and token 336","bulk"
337,"registro 337 introduccion sidecar memtable sparse index arquitectura hexagonal busqueda and token 337","bulk"
338,"registro 338 introduccion sidecar memtable sparse index arquitectura hexagonal busqueda and token 338","bulk"
339,"registro 339 introduccion sidecar memtable sparse index arquitectura hexagonal busqueda and token 339","bulk"
340,"registro 340 introduccion sidecar memtable sparse index arquitectura hexagonal busqueda and token 340","bulk"
341,"registro 341 introduccion sidecar memtable sparse index arquitectura hexagonal busqueda and token 341","bulk"
342,"registro 342 introduccion sidecar memtable sparse index arquitectura hexagonal busqueda and token 342","bulk"
343,"registro 343 introduccion sidecar memtable sparse index arquitectura hexagonal busqueda and token 343","bulk"
344,"registro 344 introduccion sidecar memtable sparse index arquitectura hexagonal busqueda and token 344","bulk"
345,"registro 345 introduccion sidecar memtable sparse index arquitectura hexagonal busqueda and token 345","bulk"
346,"registro 346 introduccion sidecar memtable sparse index arquitectura hexagonal busqueda and token 346","bulk"
347,"registro 347 introduccion sidecar memtable sparse index arquitectura hexagonal busqueda and token 347","bulk"
348,"registro 348 introduccion sidecar memtable sparse index arquitectura hexagonal busqueda and token 348","bulk"
349,"registro 349 introduccion sidecar memtable sparse index arquitectura hexagonal busqueda and token 349","bulk"
350,"registro 350 introduccion sidecar memtable sparse index arquitectura hexagonal busqueda and token 350","bulk"
351,"registro 351 introduccion sidecar memtable sparse index arquitectura hexagonal busqueda and token 351","bulk"
352,"registro 352 introduccion sidecar memtable sparse index arquitectura hexagonal busqueda and token 352","bulk"
353,"registro 353 introduccion sidecar memtable sparse index arquitectura hexagonal busqueda and token 353","bulk"
354,"registro 354 introduccion sidecar memtable sparse index arquitectura hexagonal busqueda and token 354","bulk"
355,"registro 355 introduccion sidecar memtable sparse index arquitectura hexagonal busqueda and token 355","bulk"
356,"registro 356 introduccion sidecar memtable sparse index arquitectura hexagonal busqueda and token 356","bulk"
357,"registro 357 introduccion sidecar memtable sparse index arquitectura hexagonal busqueda and token 357","bulk"
358,"registro 358 introduccion sidecar memtable sparse index arquitectura hexagonal busqueda and token 358","bulk"
359,"registro 359 introduccion sidecar memtable sparse index arquitectura hexagonal busqueda and token 359","bulk"
360,"registro 360 introduccion sidecar memtable sparse index arquitectura hexagonal busqueda and token 360","bulk"
361,"registro 361 introduccion sidecar memtable sparse index arquitectura hexagonal busqueda and token 361","bulk"
362,"registro 362 introduccion sidecar memtable sparse index arquitectura hexagonal busqueda and token 362","bulk"
363,"registro 363 introduccion sidecar memtable sparse index arquitectura hexagonal busqueda and token 363","bulk"
364,"registro 364 introduccion sidecar memtable sparse index arquitectura hexagonal busqueda and token 364","bulk"
365,"registro 365 introduccion sidecar memtable sparse index arquitectura hexagonal busqueda and token 365","bulk"
366,"registro 366 introduccion sidecar memtable sparse index arquitectura hexagonal busqueda and token 366","bulk"
367,"registro 367 introduccion sidecar memtable sparse index arquitectura hexagonal busqueda and token 367","bulk"
368,"registro 368 introduccion sidecar memtable sparse index arquitectura hexagonal busqueda and token 368","bulk"
369,"registro 369 introduccion sidecar memtable sparse index arquitectura hexagonal busqueda and token 369","bulk"
370,"registro 370 introduccion sidecar memtable sparse index arquitectura hexagonal busqueda and token 370","bulk"
371,"registro 371 introduccion sidecar memtable sparse index arquitectura hexagonal busqueda and token 371","bulk"
372,"registro 372 introduccion sidecar memtable sparse index arquitectura hexagonal busqueda and token 372","bulk"
373,"registro 373 introduccion sidecar memtable sparse index arquitectura hexagonal busqueda and token 373","bulk"
374,"registro 374 introduccion sidecar memtable sparse index arquitectura hexagonal busqueda and token 374","bulk"
375,"registro 375 introduccion sidecar memtable sparse index arquitectura hexagonal busqueda and token 375","bulk"
376,"registro 376 introduccion sidecar memtable sparse index arquitectura hexagonal busqueda and token 376","bulk"
377,"registro 377 introduccion sidecar memtable sparse index arquitectura hexagonal busqueda and token 377","bulk"
378,"registro 378 introduccion sidecar memtable sparse index arquitectura hexagonal busqueda and token 378","bulk"
379,"registro 379 introduccion sidecar memtable sparse index arquitectura hexagonal busqueda and token 379","bulk"
380,"registro 380 introduccion sidecar memtable sparse index arquitectura hexagonal busqueda and token 380","bulk"
381,"registro 381 introduccion sidecar memtable sparse index arquitectura hexagonal busqueda and token 381","bulk"
382,"registro 382 introduccion sidecar memtable sparse index arquitectura hexagonal busqueda and token 382","bulk"
383,"registro 383 introduccion sidecar memtable sparse index arquitectura hexagonal busqueda and token 383","bulk"
384,"registro 384 introduccion sidecar memtable sparse index arquitectura hexagonal busqueda and token 384","bulk"
385,"registro 385 introduccion sidecar memtable sparse index arquitectura hexagonal busqueda and token 385","bulk"
386,"registro 386 introduccion sidecar memtable sparse index arquitectura hexagonal busqueda and token 386","bulk"
387,"registro 387 introduccion sidecar memtable sparse index arquitectura hexagonal busqueda and token 387","bulk"
388,"registro 388 introduccion sidecar memtable sparse index arquitectura hexagonal busqueda and token 388","bulk"
389,"registro 389 introduccion sidecar memtable sparse index arquitectura hexagonal busqueda and token 389","bulk"
390,"registro 390 introduccion sidecar memtable sparse index arquitectura hexagonal busqueda and token 390","bulk"
391,"registro 391 introduccion sidecar memtable sparse index arquitectura hexagonal busqueda and token 391","bulk"
392,"registro 392 introduccion sidecar memtable sparse index arquitectura hexagonal busqueda and token 392","bulk"
393,"registro 393 introduccion sidecar memtable sparse index arquitectura hexagonal busqueda and token 393","bulk"
394,"registro 394 introduccion sidecar memtable sparse index arquitectura hexagonal busqueda and token 394","bulk"
395,"registro 395 introduccion sidecar memtable sparse index arquitectura hexagonal busqueda and token 395","bulk"
396,"registro 396 introduccion sidecar memtable sparse index arquitectura hexagonal busqueda and token 396","bulk"
397,"registro 397 introduccion sidecar memtable sparse index arquitectura hexagonal busqueda and token 397","bulk"
398,"registro 398 introduccion sidecar memtable sparse index arquitectura hexagonal busqueda and token 398","bulk"
399,"registro 399 introduccion sidecar memtable sparse index arquitectura hexagonal busqueda and token 399","bulk"
400,"registro 400 introduccion sidecar memtable sparse index arquitectura hexagonal busqueda and token 400","bulk"
401,"registro 401 introduccion sidecar memtable sparse index arquitectura hexagonal busqueda and token 401","bulk"
402,"registro 402 introduccion sidecar memtable sparse index arquitectura hexagonal busqueda and token 402","bulk"
403,"registro 403 introduccion sidecar memtable sparse index arquitectura hexagonal busqueda and token 403","bulk"
404,"registro 404 introduccion sidecar memtable sparse index arquitectura hexagonal busqueda and token 404","bulk"
405,"registro 405 introduccion sidecar memtable sparse index arquitectura hexagonal busqueda and token 405","bulk"
406,"registro 406 introduccion sidecar memtable sparse index arquitectura hexagonal busqueda and token 406","bulk"
407,"registro 407 introduccion sidecar memtable sparse index arquitectura hexagonal busqueda and token 407","bulk"
408,"registro 408 introduccion sidecar memtable sparse index arquitectura hexagonal busqueda and token 408","bulk"
409,"registro 409 introduccion sidecar memtable sparse index arquitectura hexagonal busqueda and token 409","bulk"
410,"registro 410 introduccion sidecar memtable sparse index arquitectura hexagonal busqueda and token 410","bulk"
411,"registro 411 introduccion sidecar memtable sparse index arquitectura hexagonal busqueda and token 411","bulk"
412,"registro 412 introduccion sidecar memtable sparse index arquitectura hexagonal busqueda and token 412","bulk"
413,"registro 413 introduccion sidecar memtable sparse index arquitectura hexagonal busqueda and token 413","bulk"
414,"registro 414 introduccion sidecar memtable sparse index arquitectura hexagonal busqueda and token 414","bulk"
415,"registro 415 introduccion sidecar memtable sparse index arquitectura hexagonal busqueda and token 415","bulk"
416,"registro 416 introduccion sidecar memtable sparse index arquitectura hexagonal busqueda and token 416","bulk"
417,"registro 417 introduccion sidecar memtable sparse index arquitectura hexagonal busqueda and token 417","bulk"
418,"registro 418 introduccion sidecar memtable sparse index arquitectura hexagonal busqueda and token 418","bulk"
419,"registro 419 introduccion sidecar memtable sparse index arquitectura hexagonal busqueda and token 419","bulk"
420,"registro 420 introduccion sidecar memtable sparse index arquitectura hexagonal busqueda and token 420","bulk"
421,"registro 421 introduccion sidecar memtable sparse index arquitectura hexagonal busqueda and token 421","bulk"
422,"registro 422 introduccion sidecar memtable sparse index arquitectura hexagonal busqueda and token 422","bulk"
423,"registro 423 introduccion sidecar memtable sparse index arquitectura hexagonal busqueda and token 423","bulk"
424,"registro 424 introduccion sidecar memtable sparse index arquitectura hexagonal busqueda and token 424","bulk"
425,"registro 425 introduccion sidecar memtable sparse index arquitectura hexagonal busqueda and token 425","bulk"
426,"registro 426 introduccion sidecar memtable sparse index arquitectura hexagonal busqueda and token 426","bulk"
427,"registro 427 introduccion sidecar memtable sparse index arquitectura hexagonal busqueda and token 427","bulk"
428,"registro 428 introduccion sidecar memtable sparse index arquitectura hexagonal busqueda and token 428","bulk"
429,"registro 429 introduccion sidecar memtable sparse index arquitectura hexagonal busqueda and token 429","bulk"
430,"registro 430 introduccion sidecar memtable sparse index arquitectura hexagonal busqueda and token 430","bulk"
431,"registro 431 introduccion sidecar memtable sparse index arquitectura hexagonal busqueda and token 431","bulk"
432,"registro 432 introduccion sidecar memtable sparse index arquitectura hexagonal busqueda and token 432","bulk"
433,"registro 433 introduccion sidecar memtable sparse index arquitectura hexagonal busqueda and token 433","bulk"
434,"registro 434 introduccion sidecar memtable sparse index arquitectura hexagonal busqueda and token 434","bulk"
435,"registro 435 introduccion sidecar memtable sparse index arquitectura hexagonal busqueda and token 435","bulk"
436,"registro 436 introduccion sidecar memtable sparse index arquitectura hexagonal busqueda and token 436","bulk"
437,"registro 437 introduccion sidecar memtable sparse index arquitectura hexagonal busqueda and token 437","bulk"
438,"registro 438 introduccion sidecar memtable sparse index arquitectura hexagonal busqueda and token 438","bulk"
439,"registro 439 introduccion sidecar memtable sparse index arquitectura hexagonal busqueda and token 439","bulk"
440,"registro 440 introduccion sidecar memtable sparse index arquitectura hexagonal busqueda and token 440","bulk"
441,"registro 441 introduccion sidecar memtable sparse index arquitectura hexagonal busqueda and token 441","bulk"
442,"registro 442 introduccion sidecar memtable sparse index arquitectura hexagonal busqueda and token 442","bulk"
443,"registro 443 introduccion sidecar memtable sparse index arquitectura hexagonal busqueda and token 443","bulk"
444,"registro 444 introduccion sidecar memtable sparse index arquitectura hexagonal busqueda and token 444","bulk"
445,"registro 445 introduccion sidecar memtable sparse index arquitectura hexagonal busqueda and token 445","bulk"
446,"registro 446 introduccion sidecar memtable sparse index arquitectura hexagonal busqueda and token 446","bulk"
447,"registro 447 introduccion sidecar memtable sparse index arquitectura hexagonal busqueda and token 447","bulk"
448,"registro 448 introduccion sidecar memtable sparse index arquitectura hexagonal busqueda and token 448","bulk"
449,"registro 449 introduccion sidecar memtable sparse index arquitectura hexagonal busqueda and token 449","bulk"
450,"registro 450 introduccion sidecar memtable sparse index arquitectura hexagonal busqueda and token 450","bulk"
451,"registro 451 introduccion sidecar memtable sparse index arquitectura hexagonal busqueda and token 451","bulk"
452,"registro 452 introduccion sidecar memtable sparse index arquitectura hexagonal busqueda and token 452","bulk"
453,"registro 453 introduccion sidecar memtable sparse index arquitectura hexagonal busqueda and token 453","bulk"
454,"registro 454 introduccion sidecar memtable sparse index arquitectura hexagonal busqueda and token 454","bulk"
455,"registro 455 introduccion sidecar memtable sparse index arquitectura hexagonal busqueda and token 455","bulk"
456,"registro 456 introduccion sidecar memtable sparse index arquitectura hexagonal busqueda and token 456","bulk"
457,"registro 457 introduccion sidecar memtable sparse index arquitectura hexagonal busqueda and token 457","bulk"
458,"registro 458 introduccion sidecar memtable sparse index arquitectura hexagonal busqueda and token 458","bulk"
459,"registro 459 introduccion sidecar memtable sparse index arquitectura hexagonal busqueda and token 459","bulk"
460,"registro 460 introduccion sidecar memtable sparse index arquitectura hexagonal busqueda and token 460","bulk"
461,"registro 461 introduccion sidecar memtable sparse index arquitectura hexagonal busqueda and token 461","bulk"
462,"registro 462 introduccion sidecar memtable sparse index arquitectura hexagonal busqueda and token 462","bulk"
463,"registro 463 introduccion sidecar memtable sparse index arquitectura hexagonal busqueda and token 463","bulk"
464,"registro 464 introduccion sidecar memtable sparse index arquitectura hexagonal busqueda and token 464","bulk"
465,"registro 465 introduccion sidecar memtable sparse index arquitectura hexagonal busqueda and token 465","bulk"
466,"registro 466 introduccion sidecar memtable sparse index arquitectura hexagonal busqueda and token 466","bulk"
467,"registro 467 introduccion sidecar memtable sparse index arquitectura hexagonal busqueda and token 467","bulk"
468,"registro 468 introduccion sidecar memtable sparse index arquitectura hexagonal busqueda and token 468","bulk"
469,"registro 469 introduccion sidecar memtable sparse index arquitectura hexagonal busqueda and token 469","bulk"
470,"registro 470 introduccion sidecar memtable sparse index arquitectura hexagonal busqueda and token 470","bulk"
471,"registro 471 introduccion sidecar memtable sparse index arquitectura hexagonal busqueda and token 471","bulk"
472,"registro 472 introduccion sidecar memtable sparse index arquitectura hexagonal busqueda and token 472","bulk"
473,"registro 473 introduccion sidecar memtable sparse index arquitectura hexagonal busqueda and token 473","bulk"
474,"registro 474 introduccion sidecar memtable sparse index arquitectura hexagonal busqueda and token 474","bulk"
475,"registro 475 introduccion sidecar memtable sparse index arquitectura hexagonal busqueda and token 475","bulk"
476,"registro 476 introduccion sidecar memtable sparse index arquitectura hexagonal busqueda and token 476","bulk"
477,"registro 477 introduccion sidecar memtable sparse index arquitectura hexagonal busqueda and token 477","bulk"
478,"registro 478 introduccion sidecar memtable sparse index arquitectura hexagonal busqueda and token 478","bulk"
479,"registro 479 introduccion sidecar memtable sparse index arquitectura hexagonal busqueda and token 479","bulk"
480,"registro 480 introduccion sidecar memtable sparse index arquitectura hexagonal busqueda and token 480","bulk"
481,"registro 481 introduccion sidecar memtable sparse index arquitectura hexagonal busqueda and token 481","bulk"
482,"registro 482 introduccion sidecar memtable sparse index arquitectura hexagonal busqueda and token 482","bulk"
483,"registro 483 introduccion sidecar memtable sparse index arquitectura hexagonal busqueda and token 483","bulk"
484,"registro 484 introduccion sidecar memtable sparse index arquitectura hexagonal busqueda and token 484","bulk"
485,"registro 485 introduccion sidecar memtable sparse index arquitectura hexagonal busqueda and token 485","bulk"
486,"registro 486 introduccion sidecar memtable sparse index arquitectura hexagonal busqueda and token 486","bulk"
487,"registro 487 introduccion sidecar memtable sparse index arquitectura hexagonal busqueda and token 487","bulk"
488,"registro 488 introduccion sidecar memtable sparse index arquitectura hexagonal busqueda and token 488","bulk"
489,"registro 489 introduccion sidecar memtable sparse index arquitectura hexagonal busqueda and token 489","bulk"
490,"registro 490 introduccion sidecar memtable sparse index arquitectura hexagonal busqueda and token 490","bulk"
491,"registro 491 introduccion sidecar memtable sparse index arquitectura hexagonal busqueda and token 491","bulk"
492,"registro 492 introduccion sidecar memtable sparse index arquitectura hexagonal busqueda and token 492","bulk"
493,"registro 493 introduccion sidecar memtable sparse index arquitectura hexagonal busqueda and token 493","bulk"
494,"registro 494 introduccion sidecar memtable sparse index arquitectura hexagonal busqueda and token 494","bulk"
495,"registro 495 introduccion sidecar memtable sparse index arquitectura hexagonal busqueda and token 495","bulk"
496,"registro 496 introduccion sidecar memtable sparse index arquitectura hexagonal busqueda and token 496","bulk"
497,"registro 497 introduccion sidecar memtable sparse index arquitectura hexagonal busqueda and token 497","bulk"
498,"registro 498 introduccion sidecar memtable sparse index arquitectura hexagonal busqueda and token 498","bulk"
499,"registro 499 introduccion sidecar memtable sparse index arquitectura hexagonal busqueda and token 499","bulk"
500,"registro 500 introduccion sidecar memtable sparse index arquitectura hexagonal busqueda and token 500","bulk"
